{
    "_ColorR": 1.0,
    "_ColorG": 1.0,
    "_ColorB": 1.0,
    "_RampLevels": 9.0,
    "_LightScalar": 2.009999990463257,
    "_HighColorR": 0.3178354799747467,
    "_HighColorG": 0.8773584961891174,
    "_HighColorB": 0.6162477135658264,
    "_HighIntensity": 4.380000114440918,
    "_LowColorR": 0.8784313797950745,
    "_LowColorG": 0.3333333432674408,
    "_LowColorB": 0.3137255012989044,
    "_LowIntensity": 1.909999966621399,
    "_OutlineColorR": 0.0,
    "_OutlineColorG": 0.0,
    "_OutlineColorB": 0.0,
    "_OutlineSize": 0.0,
    "_RimColorR": 0.8784313797950745,
    "_RimColorG": 0.3137255012989044,
    "_RimColorB": 0.5764706134796143,
    "_RimAlpha": 0.06499999761581421,
    "_RimPower": 0.7670000195503235,
    "_RimDropOff": 0.5080000162124634,
    "_FresnelColorR": 0.8784313797950745,
    "_FresnelColorG": 0.3333333432674408,
    "_FresnelColorB": 0.3137255012989044,
    "_FresnelBrightness": 0.06499999761581421,
    "_FresnelPower": 0.7300000190734863,
    "_FresnelShadowDropoff": 0.28700000047683718,
    "_GradYCap": 0.0,
    "_GradIntensity": 0.0
}